artifact_name,property_type,stat_name,unit,is_harmful,value_at_85,value_at_100,protection_affected,efficiency_affected
Атом,Основное,Живучесть,,FALSE,0.85,1.0,FALSE,TRUE
Атом,Основное,Восстановление выносливости,,FALSE,2.89,3.4,FALSE,TRUE
Атом,Основное,Радиация,,FALSE,-1.088,-1.28,FALSE,FALSE
Атом,Основное,Температура,,FALSE,-1.088,-1.28,FALSE,FALSE
Атом,Основное,Биологическое заражение,,FALSE,-1.088,-1.28,FALSE,FALSE
Атом,Основное,Пси-излучение,,FALSE,-1.088,-1.28,FALSE,FALSE
Атом,Дополнительное,Кровотечение,,FALSE,-0.575,-0.698,FALSE,FALSE
Атом,Дополнительное,Восстановление выносливости,%,FALSE,0.989,1.201,FALSE,TRUE
Атом,Дополнительное,Живучесть,%,FALSE,0.331,0.402,FALSE,TRUE
Батарейка,Основное,Выносливость,%,FALSE,9.69,11.4,FALSE,TRUE
Батарейка,Основное,Скорость передвижения,%,FALSE,0.7225,0.85,FALSE,TRUE
Батарейка,Основное,Скорость бега,%,FALSE,0.9775,1.15,FALSE,TRUE
Батарейка,Основное,Радиация,,TRUE,1.0625,1.25,TRUE,FALSE
Батарейка,Основное,Реакция на электричество,%,FALSE,1.105,1.3,FALSE,TRUE
Батарейка,Дополнительное,Электрозащита,%,FALSE,8.81,10.7,FALSE,TRUE
Батарейка,Дополнительное,Скорость передвижения,%,FALSE,0.24,0.3,FALSE,TRUE
Батарейка,Дополнительное,Выносливость,%,FALSE,3.12,3.8,FALSE,TRUE
Белая роза,Основное,Выносливость,%,FALSE,6.46,7.6,FALSE,TRUE
Белая роза,Основное,Переносимый вес,с,FALSE,6.205,7.3,FALSE,TRUE
Белая роза,Основное,Пси-излучение,,FALSE,-1.836,-2.16,FALSE,FALSE
Белая роза,Основное,Реакция на электричество,%,FALSE,0.765,0.9,FALSE,TRUE
Белая роза,Дополнительное,Пси-излучение,,FALSE,-0.748,-0.88,FALSE,FALSE
Белая роза,Дополнительное,Выносливость,%,FALSE,2.14,2.6,FALSE,TRUE
Белая роза,Дополнительное,Переносимый вес,,FALSE,2.125,2.5,FALSE,TRUE
Болотный гнилец,Основное,Живучесть,,FALSE,0.255,0.3,FALSE,TRUE
Болотный гнилец,Основное,Восстановление выносливости,,FALSE,2.04,2.4,FALSE,TRUE
Болотный гнилец,Основное,Эффективность лечения,,FALSE,3.06,3.6,FALSE,TRUE
Болотный гнилец,Основное,Биологическое заражение,,FALSE,-1.836,-2.16,FALSE,FALSE
Болотный гнилец,Основное,Реакция на хим. ожог,,FALSE,0.765,0.9,FALSE,TRUE
Болотный гнилец,Дополнительное,Биологическое заражение,,FALSE,-0.748,-0.88,FALSE,FALSE
Болотный гнилец,Дополнительное,Восстановление выносливости,%,FALSE,0.65,0.8,FALSE,TRUE
Болотный гнилец,Дополнительное,Эффективность лечения,%,FALSE,1.02,1.2,FALSE,TRUE
Браслет,Основное,Живучесть,,FALSE,0.425,0.5,FALSE,TRUE
Браслет,Основное,Скорость передвижения,%,FALSE,1.02,1.2,FALSE,TRUE
Браслет,Основное,Скорость бега,%,FALSE,1.36,1.6,FALSE,TRUE
Браслет,Основное,Восстановление выносливости,,FALSE,3.06,3.6,FALSE,TRUE
Браслет,Основное,Пси-излучение,,TRUE,2.125,2.5,TRUE,FALSE
Браслет,Дополнительное,Выносливость,%,FALSE,13.77,16.2,FALSE,TRUE
Браслет,Дополнительное,Скорость передвижения,%,FALSE,0.32,0.4,FALSE,TRUE
Браслет,Дополнительное,Восстановление выносливости,%,FALSE,1.02,1.2,FALSE,TRUE
Бубльгум,Основное,Скорость передвижения,%,TRUE,-1.275,-1.5,FALSE,TRUE
Бубльгум,Основное,Скорость бега,%,TRUE,-1.275,-1.5,FALSE,TRUE
Бубльгум,Основное,Пулестойкость,,FALSE,16.405,19.3,FALSE,TRUE
Бубльгум,Основное,Защита от взрыва,,FALSE,12.665,14.9,FALSE,TRUE
Бубльгум,Основное,Температура,,TRUE,2.125,2.5,TRUE,FALSE
Бубльгум,Основное,Реакция на разрыв,,FALSE,1.615,1.9,FALSE,TRUE
Бубльгум,Дополнительное,Пулестойкость,,FALSE,5.525,6.5,FALSE,TRUE
Бубльгум,Дополнительное,Защита от разрыва,,FALSE,17.17,20.2,FALSE,TRUE
Бубльгум,Дополнительное,Защита от взрыва,,FALSE,4.25,5.0,FALSE,TRUE
Ветка Калины,Основное,Живучесть,,FALSE,1.275,1.5,FALSE,TRUE
Ветка Калины,Основное,Эффективность лечения,,FALSE,9.265,10.9,FALSE,TRUE
Ветка Калины,Основное,Радиация,,TRUE,2.125,2.5,TRUE,FALSE
Ветка Калины,Основное,Кровотечение,,FALSE,-0.34,-0.4,FALSE,FALSE
Ветка Калины,Дополнительное,Выносливость,%,FALSE,13.77,16.2,FALSE,TRUE
Ветка Калины,Дополнительное,Эффективность лечения,%,FALSE,3.05,3.7,FALSE,TRUE
Ветка Калины,Дополнительное,Живучесть,%,FALSE,0.425,0.5,FALSE,TRUE
Вехотка,Основное,Переносимый вес,с,FALSE,2.38,2.8,FALSE,TRUE
Вехотка,Основное,Защита от разрыва,,FALSE,7.735,9.1,FALSE,TRUE
Вехотка,Основное,Защита от взрыва,,FALSE,8.16,9.6,FALSE,TRUE
Вехотка,Основное,Радиация,,TRUE,1.0625,1.25,TRUE,FALSE
Вехотка,Основное,Реакция на разрыв,,FALSE,0.765,0.9,FALSE,TRUE
Вехотка,Дополнительное,Защита от разрыва,,FALSE,2.635,3.1,FALSE,TRUE
Вехотка,Дополнительное,Защита от взрыва,,FALSE,2.63,3.2,FALSE,TRUE
Вехотка,Дополнительное,Регенерация здоровья,%,FALSE,0.9,1.1,FALSE,TRUE
Висмут,Основное,Регенерация здоровья,,FALSE,1.785,2.1,FALSE,TRUE
Висмут,Основное,Биологическое заражение,,TRUE,2.125,2.5,TRUE,FALSE
Висмут,Основное,Отдача,,FALSE,-3.74,-4.4,FALSE,FALSE
Висмут,Дополнительное,Регенерация здоровья,%,FALSE,0.595,0.7,FALSE,TRUE
Висмут,Дополнительное,Отдача,%,FALSE,-1.275,-1.5,FALSE,FALSE
Висмут,Дополнительное,Покачивание,%,FALSE,-5.185,-6.1,FALSE,FALSE
Виток,Основное,Выносливость,%,FALSE,13.09,15.4,FALSE,TRUE
Виток,Основное,Биологическое заражение,,FALSE,-3.468,-4.08,FALSE,FALSE
Виток,Основное,Кровотечение,,FALSE,-0.595,-0.7,FALSE,FALSE
Виток,Дополнительное,Выносливость,%,FALSE,4.28,5.2,FALSE,TRUE
Виток,Дополнительное,Регенерация здоровья,%,FALSE,0.99,1.2,FALSE,TRUE
Виток,Дополнительное,Кровотечение,,FALSE,-0.25,-0.3,FALSE,FALSE
Вихрь,Основное,Скорость передвижения,%,FALSE,0.935,1.1,FALSE,TRUE
Вихрь,Основное,Скорость бега,%,FALSE,1.275,1.5,FALSE,TRUE
Вихрь,Основное,Электрозащита,%,FALSE,11.645,13.7,FALSE,TRUE
Вихрь,Основное,Температура,,FALSE,-0.1632,-0.192,FALSE,FALSE
Вихрь,Основное,Холод,,TRUE,0.425,0.5,FALSE,FALSE
Вихрь,Основное,Реакция на ожог,,FALSE,0.935,1.1,FALSE,TRUE
Вихрь,Дополнительное,Электрозащита,%,FALSE,3.78,4.6,FALSE,TRUE
Вихрь,Дополнительное,Горение,,FALSE,-0.24,-0.3,FALSE,FALSE
Вихрь,Дополнительное,Скорость передвижения,%,FALSE,0.32,0.4,FALSE,TRUE
Волчьи слезы,Основное,Выносливость,%,FALSE,7.905,9.3,FALSE,TRUE
Волчьи слезы,Основное,Переносимый вес,с,FALSE,3.74,4.4,FALSE,TRUE
Волчьи слезы,Основное,Радиация,,TRUE,0.425,0.5,TRUE,FALSE
Волчьи слезы,Основное,Температура,,FALSE,-1.836,-2.16,FALSE,FALSE
Волчьи слезы,Основное,Реакция на ожог,,FALSE,0.425,0.5,FALSE,TRUE
Волчьи слезы,Дополнительное,Пулестойкость,,FALSE,3.485,4.1,FALSE,TRUE
Волчьи слезы,Дополнительное,Выносливость,%,FALSE,2.55,3.1,FALSE,TRUE
Волчьи слезы,Дополнительное,Переносимый вес,,FALSE,1.275,1.5,FALSE,TRUE
Всполох,Основное,Скорость передвижения,%,FALSE,0.85,1.0,FALSE,TRUE
Всполох,Основное,Скорость бега,%,FALSE,1.1475,1.35,FALSE,TRUE
Всполох,Основное,Регенерация здоровья,,FALSE,1.19,1.4,FALSE,TRUE
Всполох,Основное,Пси-излучение,,TRUE,1.0625,1.25,TRUE,FALSE
Всполох,Основное,Реакция на электричество,%,FALSE,1.19,1.4,FALSE,TRUE
Всполох,Дополнительное,Скорость передвижения,%,FALSE,0.29,0.35,FALSE,TRUE
Всполох,Дополнительное,Регенерация здоровья,%,FALSE,0.425,0.5,FALSE,TRUE
Всполох,Дополнительное,Электрозащита,%,FALSE,10.05,12.2,FALSE,TRUE
Гантель,Основное,Живучесть,,FALSE,0.51,0.6,FALSE,TRUE
Гантель,Основное,Скорость бега,%,FALSE,0.6375,0.75,FALSE,TRUE
Гантель,Основное,Переносимый вес,с,FALSE,8.33,9.8,FALSE,TRUE
Гантель,Основное,Эффективность лечения,,FALSE,8.33,9.8,FALSE,TRUE
Гантель,Основное,Защита от разрыва,,FALSE,11.645,13.7,FALSE,TRUE
Гантель,Основное,Радиация,,TRUE,2.125,2.5,TRUE,FALSE
Гантель,Дополнительное,Эффективность лечения,%,FALSE,2.805,3.3,FALSE,TRUE
Гантель,Дополнительное,Защита от разрыва,,FALSE,3.79,4.6,FALSE,TRUE
Гелий,Основное,Скорость передвижения,%,FALSE,0.935,1.1,FALSE,TRUE
Гелий,Основное,Скорость бега,%,FALSE,1.275,1.5,FALSE,TRUE
Гелий,Основное,Регенерация здоровья,,FALSE,1.36,1.6,FALSE,TRUE
Гелий,Основное,Стойкость,,FALSE,1.615,1.9,FALSE,TRUE
Гелий,Основное,Биологическое заражение,,TRUE,2.125,2.5,TRUE,FALSE
Гелий,Дополнительное,Скорость передвижения,%,FALSE,0.32,0.4,FALSE,TRUE
Гелий,Дополнительное,Восстановление выносливости,%,FALSE,2.72,3.2,FALSE,TRUE
Гелий,Дополнительное,Регенерация здоровья,%,FALSE,0.51,0.6,FALSE,TRUE
Гиря,Основное,Живучесть,,TRUE,-13.6,-16.0,FALSE,TRUE
Гиря,Основное,Переносимый вес,с,FALSE,5.95,7.0,FALSE,TRUE
Гиря,Основное,Защита от температуры,,FALSE,38.25,45.0,FALSE,TRUE
Гиря,Основное,Температура,,FALSE,-2.584,-3.04,FALSE,FALSE
Гиря,Основное,Реакция на ожог,,FALSE,0.68,0.8,FALSE,TRUE
Гиря,Дополнительное,Защита от огня,,FALSE,7.98,9.7,FALSE,TRUE
Гиря,Дополнительное,Скорость передвижения,%,FALSE,0.16,0.2,FALSE,TRUE
Гиря,Дополнительное,Защита от температуры,,FALSE,17.0,20.0,FALSE,TRUE
Глаз бури,Основное,Живучесть,,TRUE,-12.58,-14.8,FALSE,TRUE
Глаз бури,Основное,Скорость передвижения,%,FALSE,0.6375,0.75,FALSE,TRUE
Глаз бури,Основное,Скорость бега,%,FALSE,0.85,1.0,FALSE,TRUE
Глаз бури,Основное,Переносимый вес,с,FALSE,8.33,9.8,FALSE,TRUE
Глаз бури,Основное,Защита от температуры,,FALSE,38.25,45.0,FALSE,TRUE
Глаз бури,Основное,Защита от биозаражения,,FALSE,38.25,45.0,FALSE,TRUE
Глаз бури,Основное,Температура,,FALSE,-1.836,-2.16,FALSE,FALSE
Глаз бури,Основное,Биологическое заражение,,FALSE,-1.836,-2.16,FALSE,FALSE
Глаз бури,Дополнительное,Защита от температуры,,FALSE,8.5,10.0,FALSE,TRUE
Глаз бури,Дополнительное,Защита от биозаражения,,FALSE,4.25,10.0,FALSE,TRUE
Глаз бури,Дополнительное,Скорость передвижения,%,FALSE,0.2,0.25,FALSE,TRUE
Гребешок,Основное,Пулестойкость,,FALSE,8.585,10.1,FALSE,TRUE
Гребешок,Основное,Защита от взрыва,,FALSE,6.63,7.8,FALSE,TRUE
Гребешок,Основное,Радиация,,TRUE,1.0625,1.25,TRUE,FALSE
Гребешок,Дополнительное,Пулестойкость,,FALSE,2.89,3.4,FALSE,TRUE
Гребешок,Дополнительное,Защита от взрыва,,FALSE,2.21,2.6,FALSE,TRUE
Гребешок,Дополнительное,Кровотечение,,FALSE,-0.765,-0.9,FALSE,FALSE
Дезинтегратор,Основное,Выносливость,%,FALSE,10.54,12.4,FALSE,TRUE
Дезинтегратор,Основное,Скорость бега,%,FALSE,0.3825,0.45,FALSE,TRUE
Дезинтегратор,Основное,Восстановление выносливости,,FALSE,1.615,1.9,FALSE,TRUE
Дезинтегратор,Основное,Пси-излучение,,FALSE,-2.584,-3.04,FALSE,FALSE
Дезинтегратор,Основное,Реакция на электричество,%,FALSE,0.85,1.0,FALSE,TRUE
Дезинтегратор,Дополнительное,Скорость передвижения,%,FALSE,0.37,0.45,FALSE,TRUE
Дезинтегратор,Дополнительное,Выносливость,%,FALSE,3.57,4.2,FALSE,TRUE
Дезинтегратор,Дополнительное,Восстановление выносливости,%,FALSE,0.57,0.7,FALSE,TRUE
Ежик,Основное,Живучесть,,TRUE,-13.6,-16.0,FALSE,TRUE
Ежик,Основное,Переносимый вес,с,FALSE,5.95,7.0,FALSE,TRUE
Ежик,Основное,Защита от радиации,,FALSE,38.25,45.0,FALSE,TRUE
Ежик,Основное,Радиация,,FALSE,-2.584,-3.04,FALSE,FALSE
Ежик,Основное,Реакция на разрыв,,FALSE,0.85,1.0,FALSE,TRUE
Ежик,Дополнительное,Выносливость,%,FALSE,2.975,3.5,FALSE,TRUE
Ежик,Дополнительное,Защита от разрыва,,FALSE,7.98,9.7,FALSE,TRUE
Ежик,Дополнительное,Защита от радиации,,FALSE,17.0,20.0,FALSE,TRUE
Ершик,Основное,Восстановление выносливости,,FALSE,2.635,3.1,FALSE,TRUE
Ершик,Основное,Эффективность лечения,,FALSE,3.91,4.6,FALSE,TRUE
Ершик,Основное,Радиация,,FALSE,-1.088,-1.28,FALSE,FALSE
Ершик,Основное,Биологическое заражение,,FALSE,-1.836,-2.16,FALSE,FALSE
Ершик,Основное,Реакция на разрыв,,FALSE,0.765,0.9,FALSE,TRUE
Ершик,Дополнительное,Восстановление выносливости,%,FALSE,0.9,1.1,FALSE,TRUE
Ершик,Дополнительное,Биологическое заражение,,FALSE,-0.748,-0.88,FALSE,FALSE
Ершик,Дополнительное,Эффективность лечения,%,FALSE,1.36,1.6,FALSE,TRUE
Жабры,Основное,Живучесть,,FALSE,1.105,1.3,FALSE,TRUE
Жабры,Основное,Регенерация здоровья,,FALSE,1.955,2.3,FALSE,TRUE
Жабры,Основное,Защита от кровотечения,,FALSE,3.145,3.7,FALSE,TRUE
Жабры,Основное,Радиация,,TRUE,2.125,2.5,TRUE,FALSE
Жабры,Дополнительное,Восстановление выносливости,%,FALSE,2.72,3.2,FALSE,TRUE
Жабры,Дополнительное,Регенерация здоровья,%,FALSE,0.68,0.8,FALSE,TRUE
Жабры,Дополнительное,Живучесть,%,FALSE,0.425,0.5,FALSE,TRUE
Жар-птица,Основное,Регенерация здоровья,,FALSE,1.19,1.4,FALSE,TRUE
Жар-птица,Основное,Эффективность лечения,,FALSE,7.395,8.7,FALSE,TRUE
Жар-птица,Основное,Защита от кровотечения,,FALSE,1.275,1.5,FALSE,TRUE
Жар-птица,Основное,Температура,,TRUE,1.0625,1.25,TRUE,FALSE
Жар-птица,Дополнительное,Кровотечение,,FALSE,-0.85,-1.0,FALSE,FALSE
Жар-птица,Дополнительное,Регенерация здоровья,%,FALSE,0.425,0.5,FALSE,TRUE
Жар-птица,Дополнительное,Эффективность лечения,%,FALSE,2.465,2.9,FALSE,TRUE
Жвачка,Основное,Регенерация здоровья,,FALSE,0.935,1.1,FALSE,TRUE
Жвачка,Основное,Пулестойкость,,FALSE,2.21,2.6,FALSE,TRUE
Жвачка,Основное,Радиация,,FALSE,-1.836,-2.16,FALSE,FALSE
Жвачка,Основное,Температура,,FALSE,-1.088,-1.28,FALSE,FALSE
Жвачка,Основное,Кровотечение,,FALSE,-0.935,-1.1,FALSE,FALSE
Жвачка,Основное,Реакция на хим. ожог,,FALSE,0.935,1.1,FALSE,TRUE
Жвачка,Дополнительное,Радиация,,FALSE,-0.748,-0.88,FALSE,FALSE
Жвачка,Дополнительное,Регенерация здоровья,%,FALSE,0.34,0.4,FALSE,TRUE
Жвачка,Дополнительное,Кровотечение,,FALSE,-0.32,-0.4,FALSE,FALSE
Желе,Основное,Переносимый вес,с,FALSE,7.395,8.7,FALSE,TRUE
Желе,Основное,Пулестойкость,,FALSE,9.86,11.6,FALSE,TRUE
Желе,Основное,Биологическое заражение,,TRUE,1.0625,1.25,TRUE,FALSE
Желе,Дополнительное,Переносимый вес,,FALSE,2.39,2.9,FALSE,TRUE
Желе,Дополнительное,Пулестойкость,,FALSE,3.21,3.9,FALSE,TRUE
Желе,Дополнительное,Защита от разрыва,,FALSE,10.05,12.2,FALSE,TRUE
Жильник,Основное,Переносимый вес,с,FALSE,7.395,8.7,FALSE,TRUE
Жильник,Основное,Пулестойкость,,FALSE,4.845,5.7,FALSE,TRUE
Жильник,Основное,Радиация,,TRUE,0.5312,0.625,TRUE,FALSE
Жильник,Основное,Пси-излучение,,FALSE,-1.088,-1.28,FALSE,FALSE
Жильник,Дополнительное,Пулестойкость,,FALSE,1.615,1.9,FALSE,TRUE
Жильник,Дополнительное,Восстановление выносливости,%,FALSE,1.7,2.0,FALSE,TRUE
Жильник,Дополнительное,Переносимый вес,,FALSE,2.465,2.9,FALSE,TRUE
Звено,Основное,Живучесть,,FALSE,1.785,2.1,FALSE,TRUE
Звено,Основное,Переносимый вес,с,FALSE,9.265,10.9,FALSE,TRUE
Звено,Основное,Температура,,TRUE,2.125,2.5,TRUE,FALSE
Звено,Дополнительное,Живучесть,%,FALSE,0.58,0.7,FALSE,TRUE
Звено,Дополнительное,Переносимый вес,,FALSE,3.05,3.7,FALSE,TRUE
Звено,Дополнительное,Регенерация здоровья,%,FALSE,1.48,1.8,FALSE,TRUE
Зеркало,Основное,Живучесть,,TRUE,-12.58,-14.8,FALSE,TRUE
Зеркало,Основное,Скорость передвижения,%,FALSE,0.6375,0.75,FALSE,TRUE
Зеркало,Основное,Скорость бега,%,FALSE,0.85,1.0,FALSE,TRUE
Зеркало,Основное,Переносимый вес,с,FALSE,8.33,9.8,FALSE,TRUE
Зеркало,Основное,Защита от радиации,,FALSE,38.25,45.0,FALSE,TRUE
Зеркало,Основное,Защита от пси-излучения,,FALSE,38.25,45.0,FALSE,TRUE
Зеркало,Основное,Радиация,,FALSE,-1.836,-2.16,FALSE,FALSE
Зеркало,Основное,Пси-излучение,,FALSE,-1.836,-2.16,FALSE,FALSE
Зеркало,Дополнительное,Скорость передвижения,%,FALSE,0.207,0.252,FALSE,TRUE
Зеркало,Дополнительное,Защита от радиации,,FALSE,16.47,20.0,FALSE,TRUE
Зеркало,Дополнительное,Защита от пси-излучения,,FALSE,16.47,20.0,FALSE,TRUE
Змеиный глаз,Основное,Живучесть,,FALSE,1.615,1.9,FALSE,TRUE
Змеиный глаз,Основное,Скорость передвижения,%,FALSE,0.6375,0.75,FALSE,TRUE
Змеиный глаз,Основное,Скорость бега,%,FALSE,0.85,1.0,FALSE,TRUE
Змеиный глаз,Основное,Эффективность лечения,,TRUE,-3.825,-4.5,FALSE,TRUE
Змеиный глаз,Основное,Пси-излучение,,TRUE,2.125,2.5,TRUE,FALSE
Змеиный глаз,Дополнительное,Выносливость,%,FALSE,12.41,14.6,FALSE,TRUE
Змеиный глаз,Дополнительное,Скорость передвижения,%,FALSE,0.2,0.25,FALSE,TRUE
Змеиный глаз,Дополнительное,Живучесть,%,FALSE,0.595,0.7,FALSE,TRUE
Золотистая Прима,Основное,Скорость передвижения,%,FALSE,0.595,0.7,FALSE,TRUE
Золотистая Прима,Основное,Скорость бега,%,FALSE,0.8075,0.95,FALSE,TRUE
Золотистая Прима,Основное,Переносимый вес,с,FALSE,10.54,12.4,FALSE,TRUE
Золотистая Прима,Основное,Радиация,,TRUE,1.0625,1.25,TRUE,FALSE
Золотистая Прима,Дополнительное,Скорость передвижения,%,FALSE,0.2,0.25,FALSE,TRUE
Золотистая Прима,Дополнительное,Переносимый вес,,FALSE,3.57,4.2,FALSE,TRUE
Золотистая Прима,Дополнительное,Выносливость,%,FALSE,11.05,13.0,FALSE,TRUE
Изюм,Основное,Живучесть,,TRUE,-2.295,-2.7,FALSE,TRUE
Изюм,Основное,Выносливость,%,FALSE,18.36,21.6,FALSE,TRUE
Изюм,Основное,Скорость передвижения,%,FALSE,1.36,1.6,FALSE,TRUE
Изюм,Основное,Скорость бега,%,FALSE,1.8275,2.15,FALSE,TRUE
Изюм,Основное,Стойкость,,FALSE,2.21,2.6,FALSE,TRUE
Изюм,Основное,Температура,,TRUE,2.125,2.5,TRUE,FALSE
Изюм,Дополнительное,Выносливость,%,FALSE,6.12,7.2,FALSE,TRUE
Изюм,Дополнительное,Скорость передвижения,%,FALSE,0.45,0.55,FALSE,TRUE
Изюм,Дополнительное,Восстановление выносливости,%,FALSE,4.08,4.8,FALSE,TRUE
Иней,Основное,Эффективность лечения,,FALSE,3.91,4.6,FALSE,TRUE
Иней,Основное,Пулестойкость,,FALSE,2.21,2.6,FALSE,TRUE
Иней,Основное,Защита от разрыва,,FALSE,11.05,13.0,FALSE,TRUE
Иней,Основное,Температура,,FALSE,-0.1632,-0.192,FALSE,FALSE
Иней,Основное,Холод,,TRUE,0.425,0.5,FALSE,FALSE
Иней,Основное,Реакция на разрыв,,FALSE,0.765,0.9,FALSE,TRUE
Иней,Дополнительное,Защита от разрыва,,FALSE,3.74,4.4,FALSE,TRUE
Иней,Дополнительное,Выносливость,%,FALSE,7.98,9.7,FALSE,TRUE
Иней,Дополнительное,Эффективность лечения,%,FALSE,1.36,1.6,FALSE,TRUE
Каблук,Основное,Эффективность лечения,,FALSE,11.05,13.0,FALSE,TRUE
Каблук,Основное,Пулестойкость,,FALSE,4.42,5.2,FALSE,TRUE
Каблук,Основное,Защита от взрыва,,FALSE,11.39,13.4,FALSE,TRUE
Каблук,Основное,Температура,,FALSE,-0.3264,-0.384,FALSE,FALSE
Каблук,Основное,Холод,,TRUE,0.85,1.0,FALSE,FALSE
Каблук,Основное,Реакция на ожог,,FALSE,1.275,1.5,FALSE,TRUE
Каблук,Дополнительное,Защита от взрыва,,FALSE,3.7,4.5,FALSE,TRUE
Каблук,Дополнительное,Защита от разрыва,,FALSE,14.98,18.2,FALSE,TRUE
Каблук,Дополнительное,Эффективность лечения,%,FALSE,3.74,4.4,FALSE,TRUE
Канифоль,Основное,Переносимый вес,с,FALSE,7.395,8.7,FALSE,TRUE
Канифоль,Основное,Регенерация здоровья,,FALSE,1.7,2.0,FALSE,TRUE
Канифоль,Основное,Восстановление выносливости,,FALSE,1.105,1.3,FALSE,TRUE
Канифоль,Основное,Биологическое заражение,,TRUE,1.0625,1.25,TRUE,FALSE
Канифоль,Дополнительное,Переносимый вес,,FALSE,2.38,2.9,FALSE,TRUE
Канифоль,Дополнительное,Живучесть,%,FALSE,0.98,1.2,FALSE,TRUE
Канифоль,Дополнительное,Регенерация здоровья,%,FALSE,0.58,0.7,FALSE,TRUE
Катушка,Основное,Скорость передвижения,%,FALSE,1.02,1.2,FALSE,TRUE
Катушка,Основное,Скорость бега,%,FALSE,1.36,1.6,FALSE,TRUE
Катушка,Основное,Переносимый вес,с,FALSE,3.995,4.7,FALSE,TRUE
Катушка,Основное,Защита от огня,,FALSE,13.77,16.2,FALSE,TRUE
Катушка,Основное,Температура,,TRUE,2.125,2.5,TRUE,FALSE
Катушка,Дополнительное,Скорость передвижения,%,FALSE,0.33,0.4,FALSE,TRUE
Катушка,Дополнительное,Защита от огня,,FALSE,4.2,5.1,FALSE,TRUE
Катушка,Дополнительное,Защита от кровотечения,%,FALSE,3.54,4.3,FALSE,TRUE
Кисель,Основное,Восстановление выносливости,,FALSE,1.785,2.1,FALSE,TRUE
Кисель,Основное,Защита от разрыва,,FALSE,5.185,6.1,FALSE,TRUE
Кисель,Основное,Радиация,,FALSE,-1.836,-2.16,FALSE,FALSE
Кисель,Основное,Биологическое заражение,,TRUE,0.425,0.5,TRUE,FALSE
Кисель,Основное,Реакция на разрыв,,FALSE,0.51,0.6,FALSE,TRUE
Кисель,Дополнительное,Защита от разрыва,,FALSE,1.72,2.1,FALSE,TRUE
Кисель,Дополнительное,Восстановление выносливости,%,FALSE,0.595,0.7,FALSE,TRUE
Кисель,Дополнительное,Живучесть,%,FALSE,0.51,0.6,FALSE,TRUE
Кислотный кристалл,Основное,Живучесть,,TRUE,-6.8,-8.0,FALSE,TRUE
Кислотный кристалл,Основное,Регенерация здоровья,,FALSE,0.765,0.9,FALSE,TRUE
Кислотный кристалл,Основное,Защита от биозаражения,,FALSE,17.0,20.0,FALSE,TRUE
Кислотный кристалл,Основное,Биологическое заражение,,FALSE,-1.836,-2.16,FALSE,FALSE
Кислотный кристалл,Основное,Реакция на хим. ожог,,FALSE,0.765,0.9,FALSE,TRUE
Кислотный кристалл,Дополнительное,Химзащита,,FALSE,6.01,7.3,FALSE,TRUE
Кислотный кристалл,Дополнительное,Защита от биозаражения,,FALSE,8.5,10.0,FALSE,TRUE
Кислотный кристалл,Дополнительное,Регенерация здоровья,%,FALSE,0.24,0.3,FALSE,TRUE
Ключик,Основное,Радиация,,TRUE,2.125,2.5,TRUE,FALSE
Ключик,Основное,Отдача,,FALSE,-3.74,-4.4,FALSE,FALSE
Ключик,Основное,Покачивание,,FALSE,-5.185,-6.1,FALSE,FALSE
Ключик,Дополнительное,Пулестойкость,,FALSE,10.37,12.2,FALSE,TRUE
Ключик,Дополнительное,Отдача,%,FALSE,-1.275,-1.5,FALSE,FALSE
Ключик,Дополнительное,Покачивание,%,FALSE,-1.785,-2.1,FALSE,FALSE
Комета,Основное,Выносливость,%,FALSE,13.77,16.2,FALSE,TRUE
Комета,Основное,Скорость передвижения,%,FALSE,0.51,0.6,FALSE,TRUE
Комета,Основное,Скорость бега,%,FALSE,0.68,0.8,FALSE,TRUE
Комета,Основное,Переносимый вес,с,FALSE,2.805,3.3,FALSE,TRUE
Комета,Основное,Температура,,TRUE,1.0625,1.25,TRUE,FALSE
Комета,Дополнительное,Восстановление выносливости,%,FALSE,2.125,2.5,FALSE,TRUE
Комета,Дополнительное,Выносливость,%,FALSE,4.59,5.4,FALSE,TRUE
Комета,Дополнительное,Скорость передвижения,%,FALSE,0.16,0.2,FALSE,TRUE
Корка,Основное,Пулестойкость,,FALSE,8.585,10.1,FALSE,TRUE
Корка,Основное,Защита от разрыва,,FALSE,9.095,10.7,FALSE,TRUE
Корка,Основное,Температура,,FALSE,-0.1632,-0.192,FALSE,FALSE
Корка,Основное,Холод,,TRUE,0.425,0.5,FALSE,FALSE
Корка,Дополнительное,Защита от разрыва,,FALSE,3.06,3.6,FALSE,TRUE
Корка,Дополнительное,Пулестойкость,,FALSE,2.89,3.4,FALSE,TRUE
Корка,Дополнительное,Защита от взрыва,,FALSE,6.63,7.8,FALSE,TRUE
Красный кристалл,Основное,Живучесть,,TRUE,-6.8,-8.0,FALSE,TRUE
Красный кристалл,Основное,Выносливость,%,FALSE,6.63,7.8,FALSE,TRUE
Красный кристалл,Основное,Защита от температуры,,FALSE,17.0,20.0,FALSE,TRUE
Красный кристалл,Основное,Температура,,FALSE,-1.836,-2.16,FALSE,FALSE
Красный кристалл,Основное,Реакция на ожог,,FALSE,0.51,0.6,FALSE,TRUE
Красный кристалл,Дополнительное,Защита от огня,,FALSE,6.01,7.3,FALSE,TRUE
Красный кристалл,Дополнительное,Защита от температуры,,FALSE,8.5,10.0,FALSE,TRUE
Красный кристалл,Дополнительное,Выносливость,%,FALSE,2.21,2.6,FALSE,TRUE
Креветка,Основное,Живучесть,,TRUE,-0.425,-0.5,FALSE,TRUE
Креветка,Основное,Переносимый вес,с,FALSE,9.265,10.9,FALSE,TRUE
Креветка,Основное,Пулестойкость,,FALSE,6.035,7.1,FALSE,TRUE
Креветка,Основное,Пси-излучение,,TRUE,1.0625,1.25,TRUE,FALSE
Креветка,Дополнительное,Пулестойкость,,FALSE,2.04,2.4,FALSE,TRUE
Креветка,Дополнительное,Защита от взрыва,,FALSE,6.63,7.8,FALSE,TRUE
Креветка,Дополнительное,Переносимый вес,,FALSE,3.145,3.7,FALSE,TRUE
Криоген,Основное,Переносимый вес,с,FALSE,7.055,8.3,FALSE,TRUE
Криоген,Основное,Восстановление выносливости,,FALSE,1.615,1.9,FALSE,TRUE
Криоген,Основное,Температура,,FALSE,-2.584,-3.04,FALSE,FALSE
Криоген,Дополнительное,Восстановление выносливости,%,FALSE,0.765,0.9,FALSE,TRUE
Криоген,Дополнительное,Пулестойкость,,FALSE,4.59,5.4,FALSE,TRUE
Криоген,Дополнительное,Переносимый вес,,FALSE,1.2,2.0,FALSE,TRUE
Кристалл Изнанки,Основное,Выносливость,%,FALSE,11.05,13.0,FALSE,TRUE
Кристалл Изнанки,Основное,Переносимый вес,с,FALSE,10.54,12.4,FALSE,TRUE
Кристалл Изнанки,Основное,Радиация,,FALSE,-1.088,-1.28,FALSE,FALSE
Кристалл Изнанки,Основное,Биологическое заражение,,TRUE,1.0625,1.25,TRUE,FALSE
Кристалл Изнанки,Дополнительное,Выносливость,%,FALSE,3.74,4.4,FALSE,TRUE
Кристалл Изнанки,Дополнительное,Переносимый вес,,FALSE,3.57,4.2,FALSE,TRUE
Кристалл Изнанки,Дополнительное,Восстановление выносливости,%,FALSE,2.465,2.9,FALSE,TRUE
Куриный бог,Основное,Живучесть,,FALSE,1.445,1.7,FALSE,TRUE
Куриный бог,Основное,Переносимый вес,с,FALSE,7.395,8.7,FALSE,TRUE
Куриный бог,Основное,Температура,,FALSE,-0.1632,-0.192,FALSE,FALSE
Куриный бог,Основное,Холод,,TRUE,0.425,0.5,FALSE,FALSE
Куриный бог,Основное,Реакция на электричество,%,FALSE,0.85,1.0,FALSE,TRUE
Куриный бог,Основное,Реакция на ожог,,FALSE,0.85,1.0,FALSE,TRUE
Куриный бог,Основное,Реакция на хим. ожог,,FALSE,0.85,1.0,FALSE,TRUE
Куриный бог,Основное,Реакция на разрыв,,FALSE,0.85,1.0,FALSE,TRUE
Куриный бог,Дополнительное,Живучесть,%,FALSE,0.49,0.6,FALSE,TRUE
Куриный бог,Дополнительное,Переносимый вес,,FALSE,2.465,2.9,FALSE,TRUE
Куриный бог,Дополнительное,Восстановление выносливости,%,FALSE,2.465,2.9,FALSE,TRUE
Лампочка Ильича,Основное,Живучесть,,TRUE,-13.6,-16.0,FALSE,TRUE
Лампочка Ильича,Основное,Переносимый вес,с,FALSE,5.95,7.0,FALSE,TRUE
Лампочка Ильича,Основное,Защита от пси-излучения,,FALSE,38.25,45.0,FALSE,TRUE
Лампочка Ильича,Основное,Пси-излучение,,FALSE,-2.584,-3.04,FALSE,FALSE
Лампочка Ильича,Основное,Реакция на электричество,%,FALSE,1.02,1.2,FALSE,TRUE
Лампочка Ильича,Дополнительное,Переносимый вес,,FALSE,1.98,2.4,FALSE,TRUE
Лампочка Ильича,Дополнительное,Защита от пси-излучения,,FALSE,16.47,20.0,FALSE,TRUE
Лампочка Ильича,Дополнительное,Электрозащита,%,FALSE,7.99,9.7,FALSE,TRUE
Ледяной ежик,Основное,Скорость передвижения,%,FALSE,0.85,1.0,FALSE,TRUE
Ледяной ежик,Основное,Скорость бега,%,FALSE,1.1475,1.35,FALSE,TRUE
Ледяной ежик,Основное,Восстановление выносливости,,FALSE,2.465,2.9,FALSE,TRUE
Ледяной ежик,Основное,Биологическое заражение,,TRUE,1.0625,1.25,TRUE,FALSE
Ледяной ежик,Дополнительное,Выносливость,%,FALSE,11.05,13.0,FALSE,TRUE
Ледяной ежик,Дополнительное,Скорость передвижения,%,FALSE,0.28,0.35,FALSE,TRUE
Ледяной ежик,Дополнительное,Восстановление выносливости,%,FALSE,0.85,1.0,FALSE,TRUE
Липкий репях,Основное,Выносливость,%,FALSE,9.18,10.8,FALSE,TRUE
Липкий репях,Основное,Скорость передвижения,%,FALSE,0.34,0.4,FALSE,TRUE
Липкий репях,Основное,Скорость бега,%,FALSE,0.4675,0.55,FALSE,TRUE
Липкий репях,Основное,Радиация,,FALSE,-1.836,-2.16,FALSE,FALSE
Липкий репях,Дополнительное,Радиация,,FALSE,-0.748,-0.88,FALSE,FALSE
Липкий репях,Дополнительное,Выносливость,%,FALSE,3.06,3.6,FALSE,TRUE
Липкий репях,Дополнительное,Скорость передвижения,%,FALSE,0.12,0.15,FALSE,TRUE
Личинка,Основное,Выносливость,%,FALSE,11.05,13.0,FALSE,TRUE
Личинка,Основное,Эффективность лечения,,FALSE,7.395,8.7,FALSE,TRUE
Личинка,Основное,Температура,,FALSE,-1.088,-1.28,FALSE,FALSE
Личинка,Основное,Биологическое заражение,,TRUE,0.5312,0.625,TRUE,FALSE
Личинка,Дополнительное,Живучесть,%,FALSE,0.99,1.2,FALSE,TRUE
Личинка,Дополнительное,Выносливость,%,FALSE,3.62,4.4,FALSE,TRUE
Личинка,Дополнительное,Эффективность лечения,%,FALSE,2.39,2.9,FALSE,TRUE
Магма,Основное,Живучесть,,FALSE,1.785,2.1,FALSE,TRUE
Магма,Основное,Пулестойкость,,FALSE,3.74,4.4,FALSE,TRUE
Магма,Основное,Стойкость,,FALSE,4.165,4.9,FALSE,TRUE
Магма,Основное,Температура,,TRUE,2.125,2.5,TRUE,FALSE
Магма,Дополнительное,Живучесть,%,FALSE,0.576,0.699,FALSE,TRUE
Магма,Дополнительное,Выносливость,%,FALSE,13.34,16.2,FALSE,TRUE
Магма,Дополнительное,Стойкость,%,FALSE,1.4,1.7,FALSE,TRUE
Многогранник,Основное,Снижает урон на,,FALSE,38.25,45.0,FALSE,TRUE
Многогранник,Основное,Перезарядка,,FALSE,11.9,8.2775,FALSE,TRUE
Многогранник,Основное,Заряда за активацию,,FALSE,3.5,1.89,FALSE,TRUE
Многогранник,Основное,Выносливость,%,FALSE,17.68,20.8,FALSE,TRUE
Многогранник,Основное,Скорость бега,%,FALSE,0.6375,0.75,FALSE,TRUE
Многогранник,Основное,Восстановление выносливости,,FALSE,2.72,3.2,FALSE,TRUE
Многогранник,Основное,Радиация,,TRUE,2.125,2.5,TRUE,FALSE
Многогранник,Дополнительное,Восстановление выносливости,%,FALSE,0.91,1.1,FALSE,TRUE
Многогранник,Дополнительное,Выносливость,%,FALSE,5.76,7.0,FALSE,TRUE
Многогранник,Дополнительное,Скорость передвижения,%,FALSE,0.618,0.75,FALSE,TRUE
Многогранник,Дополнительное,Срабатывает при,,FALSE,100.0,100.0,FALSE,TRUE
Морозец,Основное,Живучесть,,FALSE,2.295,2.7,FALSE,TRUE
Морозец,Основное,Температура,,FALSE,-0.3264,-0.384,FALSE,FALSE
Морозец,Основное,Холод,,TRUE,0.85,1.0,FALSE,FALSE
Морозец,Основное,Горение,,FALSE,-0.34,-0.4,FALSE,FALSE
Морозец,Дополнительное,Живучесть,%,FALSE,0.765,0.9,FALSE,TRUE
Морозец,Дополнительное,Горение,,FALSE,-0.17,-0.2,FALSE,FALSE
Морозец,Дополнительное,Защита от взрыва,,FALSE,12.665,14.9,FALSE,TRUE
Нервяк,Основное,Скорость передвижения,%,FALSE,0.595,0.7,FALSE,TRUE
Нервяк,Основное,Скорость бега,%,FALSE,0.8075,0.95,FALSE,TRUE
Нервяк,Основное,Эффективность лечения,,FALSE,7.395,8.7,FALSE,TRUE
Нервяк,Основное,Пулестойкость,,TRUE,-1.7,-2.0,FALSE,TRUE
Нервяк,Основное,Температура,,TRUE,1.0625,1.25,TRUE,FALSE
Нервяк,Дополнительное,Скорость передвижения,%,FALSE,0.2,0.25,FALSE,TRUE
Нервяк,Дополнительное,Эффективность лечения,%,FALSE,2.465,2.9,FALSE,TRUE
Нервяк,Дополнительное,Переносимый вес,,FALSE,7.395,8.7,FALSE,TRUE
Обруч,Основное,Регенерация здоровья,,FALSE,1.955,2.3,FALSE,TRUE
Обруч,Основное,Пулестойкость,,FALSE,7.735,9.1,FALSE,TRUE
Обруч,Основное,Пси-излучение,,TRUE,2.125,2.5,TRUE,FALSE
Обруч,Дополнительное,Пулестойкость,,FALSE,2.55,3.1,FALSE,TRUE
Обруч,Дополнительное,Выносливость,%,FALSE,12.02,14.6,FALSE,TRUE
Обруч,Дополнительное,Регенерация здоровья,%,FALSE,0.68,0.8,FALSE,TRUE
Огонек,Основное,Регенерация здоровья,,FALSE,0.765,0.9,FALSE,TRUE
Огонек,Основное,Восстановление выносливости,,FALSE,2.04,2.4,FALSE,TRUE
Огонек,Основное,Пулестойкость,,FALSE,1.785,2.1,FALSE,TRUE
Огонек,Основное,Температура,,FALSE,-1.836,-2.16,FALSE,FALSE
Огонек,Дополнительное,Температура,,FALSE,-0.35,-0.88,FALSE,FALSE
Огонек,Дополнительное,Восстановление выносливости,%,FALSE,0.68,0.8,FALSE,TRUE
Огонек,Дополнительное,Регенерация здоровья,%,FALSE,0.24,0.3,FALSE,TRUE
Опал,Основное,Живучесть,,TRUE,-2.465,-2.9,FALSE,TRUE
Опал,Основное,Выносливость,%,FALSE,18.36,21.6,FALSE,TRUE
Опал,Основное,Пулестойкость,,FALSE,16.405,19.3,FALSE,TRUE
Опал,Основное,Температура,,FALSE,-0.3264,-0.384,FALSE,FALSE
Опал,Основное,Холод,,TRUE,0.85,1.0,FALSE,FALSE
Опал,Дополнительное,Выносливость,%,FALSE,5.93,7.2,FALSE,TRUE
Опал,Дополнительное,Пулестойкость,,FALSE,5.35,6.5,FALSE,TRUE
Опал,Дополнительное,Стойкость,%,FALSE,5.35,6.5,FALSE,TRUE
Осколок,Основное,Живучесть,,FALSE,1.615,1.9,FALSE,TRUE
Осколок,Основное,Регенерация здоровья,,FALSE,0.595,0.7,FALSE,TRUE
Осколок,Основное,Эффективность лечения,,FALSE,5.865,6.9,FALSE,TRUE
Осколок,Основное,Биологическое заражение,,TRUE,2.125,2.5,TRUE,FALSE
Осколок,Дополнительное,Живучесть,%,FALSE,0.595,0.7,FALSE,TRUE
Осколок,Дополнительное,Восстановление выносливости,%,FALSE,2.72,3.2,FALSE,TRUE
Осколок,Дополнительное,Эффективность лечения,%,FALSE,1.955,2.3,FALSE,TRUE
Остов,Основное,Переносимый вес,с,FALSE,7.905,9.3,FALSE,TRUE
Остов,Основное,Восстановление выносливости,,FALSE,1.87,2.2,FALSE,TRUE
Остов,Основное,Радиация,,FALSE,-1.088,-1.28,FALSE,FALSE
Остов,Основное,Температура,,FALSE,-1.088,-1.28,FALSE,FALSE
Остов,Основное,Биологическое заражение,,FALSE,-1.088,-1.28,FALSE,FALSE
Остов,Дополнительное,Пси-излучение,,FALSE,-1.088,-1.28,FALSE,FALSE
Остов,Дополнительное,Переносимый вес,,FALSE,2.635,3.1,FALSE,TRUE
Остов,Дополнительное,Восстановление выносливости,%,FALSE,0.68,0.8,FALSE,TRUE
Петля,Основное,Скорость передвижения,%,FALSE,1.02,1.2,FALSE,TRUE
Петля,Основное,Скорость бега,%,FALSE,1.36,1.6,FALSE,TRUE
Петля,Основное,Радиация,,TRUE,2.125,2.5,TRUE,FALSE
Петля,Основное,Отдача,,FALSE,-2.21,-2.6,FALSE,FALSE
Петля,Дополнительное,Скорость передвижения,%,FALSE,0.33,0.4,FALSE,TRUE
Петля,Дополнительное,Кровотечение,,FALSE,-0.82,-1.0,FALSE,FALSE
Петля,Дополнительное,Отдача,%,FALSE,-0.74,-0.9,FALSE,FALSE
Пиявка,Основное,Живучесть,,TRUE,-6.8,-8.0,FALSE,TRUE
Пиявка,Основное,Переносимый вес,с,FALSE,4.42,5.2,FALSE,TRUE
Пиявка,Основное,Защита от радиации,,FALSE,17.0,20.0,FALSE,TRUE
Пиявка,Основное,Радиация,,FALSE,-1.836,-2.16,FALSE,FALSE
Пиявка,Дополнительное,Переносимый вес,,FALSE,1.53,1.8,FALSE,TRUE
Пиявка,Дополнительное,Реакция на разрыв,%,FALSE,1.36,1.6,FALSE,TRUE
Пиявка,Дополнительное,Защита от радиации,,FALSE,8.5,10.0,FALSE,TRUE
Плод,Основное,Скорость бега,%,FALSE,0.2975,0.35,FALSE,TRUE
Плод,Основное,Восстановление выносливости,,FALSE,1.275,1.5,FALSE,TRUE
Плод,Основное,Радиация,,TRUE,0.425,0.5,TRUE,FALSE
Плод,Основное,Биологическое заражение,,FALSE,-1.836,-2.16,FALSE,FALSE
Плод,Основное,Кровотечение,,FALSE,-0.595,-0.7,FALSE,FALSE
Плод,Основное,Реакция на хим. ожог,,FALSE,0.595,0.7,FALSE,TRUE
Плод,Дополнительное,Восстановление выносливости,%,FALSE,0.425,0.5,FALSE,TRUE
Плод,Дополнительное,Кровотечение,,FALSE,-0.24,-0.3,FALSE,FALSE
Плод,Дополнительное,Скорость передвижения,%,FALSE,0.28,0.35,FALSE,TRUE
Полено,Основное,Восстановление выносливости,,FALSE,3.485,4.1,FALSE,TRUE
Полено,Основное,Пулестойкость,,FALSE,6.885,8.1,FALSE,TRUE
Полено,Основное,Радиация,,FALSE,-1.088,-1.28,FALSE,FALSE
Полено,Основное,Температура,,TRUE,0.5312,0.625,TRUE,FALSE
Полено,Дополнительное,Регенерация здоровья,%,FALSE,1.15,1.4,FALSE,TRUE
Полено,Дополнительное,Восстановление выносливости,%,FALSE,1.15,1.4,FALSE,TRUE
Полено,Дополнительное,Пулестойкость,,FALSE,2.22,2.7,FALSE,TRUE
Призма,Основное,Пулестойкость,,FALSE,12.325,14.5,FALSE,TRUE
Призма,Основное,Защита от взрыва,,FALSE,9.52,11.2,FALSE,TRUE
Призма,Основное,Стойкость,,FALSE,2.21,2.6,FALSE,TRUE
Призма,Основное,Пси-излучение,,TRUE,2.125,2.5,TRUE,FALSE
Призма,Дополнительное,Пулестойкость,,FALSE,4.165,4.9,FALSE,TRUE
Призма,Дополнительное,Защита от взрыва,,FALSE,3.23,3.8,FALSE,TRUE
Призма,Дополнительное,Восстановление выносливости,%,FALSE,3.06,3.6,FALSE,TRUE
Призрачный кристалл,Основное,Живучесть,,TRUE,-6.8,-8.0,FALSE,TRUE
Призрачный кристалл,Основное,Восстановление выносливости,,FALSE,1.445,1.7,FALSE,TRUE
Призрачный кристалл,Основное,Защита от пси-излучения,,FALSE,17.0,20.0,FALSE,TRUE
Призрачный кристалл,Основное,Пси-излучение,,FALSE,-1.836,-2.16,FALSE,FALSE
Призрачный кристалл,Основное,Реакция на электричество,%,FALSE,0.765,0.9,FALSE,TRUE
Призрачный кристалл,Дополнительное,Электрозащита,%,FALSE,6.01,7.3,FALSE,TRUE
Призрачный кристалл,Дополнительное,Защита от пси-излучения,,FALSE,8.5,10.0,FALSE,TRUE
Призрачный кристалл,Дополнительное,Восстановление выносливости,%,FALSE,0.51,0.6,FALSE,TRUE
Прима,Основное,Переносимый вес,с,FALSE,7.905,9.3,FALSE,TRUE
Прима,Основное,Защита от разрыва,,FALSE,7.735,9.1,FALSE,TRUE
Прима,Основное,Радиация,,TRUE,1.0625,1.25,TRUE,FALSE
Прима,Дополнительное,Защита от разрыва,,FALSE,2.635,3.1,FALSE,TRUE
Прима,Дополнительное,Переносимый вес,,FALSE,2.635,3.1,FALSE,TRUE
Прима,Дополнительное,Кровотечение,,FALSE,-0.68,-0.8,FALSE,FALSE
Проклятая роза,Основное,Пулестойкость,,FALSE,9.86,11.6,FALSE,TRUE
Проклятая роза,Основное,Защита от взрыва,,FALSE,7.565,8.9,FALSE,TRUE
Проклятая роза,Основное,Радиация,,TRUE,1.0625,1.25,TRUE,FALSE
Проклятая роза,Дополнительное,Пулестойкость,,FALSE,3.315,3.9,FALSE,TRUE
Проклятая роза,Дополнительное,Защита от взрыва,,FALSE,2.55,3.0,FALSE,TRUE
Проклятая роза,Дополнительное,Восстановление выносливости,%,FALSE,2.465,2.9,FALSE,TRUE
Протоцибуля,Основное,Восстановление выносливости,,FALSE,2.295,2.7,FALSE,TRUE
Протоцибуля,Основное,Эффективность лечения,,FALSE,3.485,4.1,FALSE,TRUE
Протоцибуля,Основное,Радиация,,FALSE,-2.584,-3.04,FALSE,FALSE
Протоцибуля,Дополнительное,Регенерация здоровья,%,FALSE,0.82,1.0,FALSE,TRUE
Протоцибуля,Дополнительное,Восстановление выносливости,%,FALSE,0.765,0.9,FALSE,TRUE
Протоцибуля,Дополнительное,Эффективность лечения,%,FALSE,1.15,1.4,FALSE,TRUE
Радиатор,Основное,Скорость передвижения,%,FALSE,0.425,0.5,FALSE,TRUE
Радиатор,Основное,Скорость бега,%,FALSE,0.595,0.7,FALSE,TRUE
Радиатор,Основное,Температура,,FALSE,-1.836,-2.16,FALSE,FALSE
Радиатор,Основное,Пси-излучение,,FALSE,-1.088,-1.28,FALSE,FALSE
Радиатор,Основное,Горение,,FALSE,-0.255,-0.3,FALSE,FALSE
Радиатор,Основное,Реакция на ожог,,FALSE,0.68,0.8,FALSE,TRUE
Радиатор,Дополнительное,Горение,,FALSE,-0.08,-0.1,FALSE,FALSE
Радиатор,Дополнительное,Скорость передвижения,%,FALSE,0.16,0.2,FALSE,TRUE
Радиатор,Дополнительное,Температура,,FALSE,-0.748,-0.88,FALSE,FALSE
Репях,Основное,Выносливость,%,FALSE,7.905,9.3,FALSE,TRUE
Репях,Основное,Скорость передвижения,%,FALSE,0.2975,0.35,FALSE,TRUE
Репях,Основное,Скорость бега,%,FALSE,0.425,0.5,FALSE,TRUE
Репях,Основное,Радиация,,FALSE,-1.836,-2.16,FALSE,FALSE
Репях,Основное,Пси-излучение,,TRUE,0.425,0.5,TRUE,FALSE
Репях,Дополнительное,Выносливость,%,FALSE,2.635,3.1,FALSE,TRUE
Репях,Дополнительное,Скорость передвижения,%,FALSE,0.12,0.15,FALSE,TRUE
Репях,Дополнительное,Восстановление выносливости,%,FALSE,1.275,1.5,FALSE,TRUE
Роза,Основное,Пулестойкость,,FALSE,7.395,8.7,FALSE,TRUE
Роза,Основное,Защита от взрыва,,FALSE,5.695,6.7,FALSE,TRUE
Роза,Основное,Пси-излучение,,TRUE,1.0625,1.25,TRUE,FALSE
Роза,Дополнительное,Пулестойкость,,FALSE,2.465,2.9,FALSE,TRUE
Роза,Дополнительное,Защита от взрыва,,FALSE,1.955,2.3,FALSE,TRUE
Роза,Дополнительное,Переносимый вес,,FALSE,5.525,6.5,FALSE,TRUE
Роза Изнанки,Основное,Эффективность лечения,,TRUE,-14.45,-17.0,FALSE,TRUE
Роза Изнанки,Основное,Пулестойкость,,FALSE,10.37,12.2,FALSE,TRUE
Роза Изнанки,Основное,Стойкость,,FALSE,7.14,8.4,FALSE,TRUE
Роза Изнанки,Основное,Биологическое заражение,,TRUE,2.125,2.5,TRUE,FALSE
Роза Изнанки,Дополнительное,Восстановление выносливости,%,FALSE,3.54,4.3,FALSE,TRUE
Роза Изнанки,Дополнительное,Пулестойкость,,FALSE,3.485,4.1,FALSE,TRUE
Роза Изнанки,Дополнительное,Стойкость,%,FALSE,2.31,2.8,FALSE,TRUE
Рубик,Дополнительное,Пулестойкость,,FALSE,6.885,8.1,FALSE,TRUE
Рубик,Дополнительное,Защита от взрыва,,FALSE,7.565,8.9,FALSE,TRUE
Рубик,Дополнительное,Защита от разрыва,,FALSE,10.37,12.2,FALSE,TRUE
Рубик,Дополнительное,Реакция на разрыв,%,FALSE,2.295,2.7,FALSE,TRUE
Рубик,Дополнительное,Реакция на электричество,%,FALSE,2.805,3.3,FALSE,TRUE
Рубик,Дополнительное,Реакция на ожог,%,FALSE,1.87,2.2,FALSE,TRUE
Рубик,Дополнительное,Реакция на хим. ожог,%,FALSE,2.805,3.3,FALSE,TRUE
Рубик,Дополнительное,Электрозащита,%,FALSE,10.37,12.2,FALSE,TRUE
Рубик,Дополнительное,Защита от огня,,FALSE,10.37,12.2,FALSE,TRUE
Рубик,Дополнительное,Химзащита,,FALSE,10.37,12.2,FALSE,TRUE
Рубик,Дополнительное,Отдача,%,FALSE,-1.785,-2.1,FALSE,FALSE
Рубик,Дополнительное,Защита от кровотечения,%,FALSE,2.8,3.4,FALSE,TRUE
Рубик,Дополнительное,Радиация,,FALSE,-1.088,-1.28,FALSE,FALSE
Рубик,Дополнительное,Температура,,FALSE,-1.088,-1.28,FALSE,FALSE
Рубик,Дополнительное,Биологическое заражение,,FALSE,-1.088,-1.28,FALSE,FALSE
Рубик,Дополнительное,Пси-излучение,,FALSE,-1.088,-1.28,FALSE,FALSE
Рубик,Дополнительное,Кровотечение,,FALSE,-0.85,-1.0,FALSE,FALSE
Рубик,Дополнительное,Скорость передвижения,%,FALSE,1.19,1.4,FALSE,TRUE
Рубик,Дополнительное,Переносимый вес,,FALSE,7.395,8.7,FALSE,TRUE
Рубик,Дополнительное,Эффективность лечения,%,FALSE,5.93,7.2,FALSE,TRUE
Рубик,Дополнительное,Живучесть,%,FALSE,1.02,1.2,FALSE,TRUE
Рубик,Дополнительное,Регенерация здоровья,%,FALSE,1.15,1.4,FALSE,TRUE
Рубик,Дополнительное,Выносливость,%,FALSE,11.05,13.0,FALSE,TRUE
Рубик,Дополнительное,Восстановление выносливости,%,FALSE,2.465,2.9,FALSE,TRUE
Ряска,Основное,Живучесть,,TRUE,-13.6,-16.0,FALSE,TRUE
Ряска,Основное,Переносимый вес,с,FALSE,5.95,7.0,FALSE,TRUE
Ряска,Основное,Защита от биозаражения,,FALSE,38.25,45.0,FALSE,TRUE
Ряска,Основное,Биологическое заражение,,FALSE,-2.584,-3.04,FALSE,FALSE
Ряска,Основное,Реакция на хим. ожог,,FALSE,1.02,1.2,FALSE,TRUE
Ряска,Дополнительное,Химзащита,,FALSE,7.98,9.7,FALSE,TRUE
Ряска,Дополнительное,Регенерация здоровья,%,FALSE,0.425,0.5,FALSE,TRUE
Ряска,Дополнительное,Защита от биозаражения,,FALSE,17.0,20.0,FALSE,TRUE
Сало,Основное,Живучесть,,FALSE,0.34,0.4,FALSE,TRUE
Сало,Основное,Регенерация здоровья,,FALSE,1.275,1.5,FALSE,TRUE
Сало,Основное,Эффективность лечения,,FALSE,3.91,4.6,FALSE,TRUE
Сало,Основное,Радиация,,TRUE,1.0625,1.25,TRUE,FALSE
Сало,Дополнительное,Выносливость,%,FALSE,7.98,9.7,FALSE,TRUE
Сало,Дополнительное,Регенерация здоровья,%,FALSE,0.425,0.5,FALSE,TRUE
Сало,Дополнительное,Эффективность лечения,%,FALSE,1.36,1.6,FALSE,TRUE
Сердце,Основное,Регенерация здоровья,,FALSE,1.53,1.8,FALSE,TRUE
Сердце,Основное,Восстановление выносливости,,FALSE,2.125,2.5,FALSE,TRUE
Сердце,Основное,Периодическое лечение,,FALSE,0.17,0.2,FALSE,TRUE
Сердце,Основное,Радиация,,TRUE,1.0625,1.25,TRUE,FALSE
Сердце,Дополнительное,Эффективность лечения,%,FALSE,5.18,6.3,FALSE,TRUE
Сердце,Дополнительное,Восстановление выносливости,%,FALSE,0.66,0.8,FALSE,TRUE
Сердце,Дополнительное,Регенерация здоровья,%,FALSE,0.765,0.9,FALSE,TRUE
Сетчатка,Основное,Скорость передвижения,%,FALSE,0.85,1.0,FALSE,TRUE
Сетчатка,Основное,Скорость бега,%,FALSE,1.1475,1.35,FALSE,TRUE
Сетчатка,Основное,Восстановление выносливости,,FALSE,2.465,2.9,FALSE,TRUE
Сетчатка,Основное,Биологическое заражение,,FALSE,-1.088,-1.28,FALSE,FALSE
Сетчатка,Основное,Пси-излучение,,TRUE,1.0625,1.25,TRUE,FALSE
Сетчатка,Основное,Реакция на ожог,,TRUE,-4.165,-4.9,FALSE,TRUE
Сетчатка,Дополнительное,Скорость передвижения,%,FALSE,0.288,0.35,FALSE,TRUE
Сетчатка,Дополнительное,Восстановление выносливости,%,FALSE,0.85,1.0,FALSE,TRUE
Сетчатка,Дополнительное,Кровотечение,,FALSE,-0.85,-1.0,FALSE,FALSE
Силки,Основное,Скорость передвижения,%,FALSE,0.595,0.7,FALSE,TRUE
Силки,Основное,Скорость бега,%,FALSE,0.8075,0.95,FALSE,TRUE
Силки,Основное,Защита от разрыва,,FALSE,14.79,17.4,FALSE,TRUE
Силки,Основное,Биологическое заражение,,TRUE,0.5312,0.625,TRUE,FALSE
Силки,Основное,Пси-излучение,,FALSE,-1.088,-1.28,FALSE,FALSE
Силки,Дополнительное,Скорость передвижения,%,FALSE,0.206,0.25,FALSE,TRUE
Силки,Дополнительное,Регенерация здоровья,%,FALSE,1.15,1.4,FALSE,TRUE
Силки,Дополнительное,Защита от разрыва,,FALSE,4.78,5.8,FALSE,TRUE
Скорлупа,Основное,Регенерация здоровья,,FALSE,1.275,1.5,FALSE,TRUE
Скорлупа,Основное,Пулестойкость,,FALSE,2.21,2.6,FALSE,TRUE
Скорлупа,Основное,Биологическое заражение,,TRUE,1.0625,1.25,TRUE,FALSE
Скорлупа,Основное,Кровотечение,,FALSE,-0.68,-0.8,FALSE,FALSE
Скорлупа,Дополнительное,Кровотечение,,FALSE,-0.255,-0.3,FALSE,FALSE
Скорлупа,Дополнительное,Защита от кровотечения,%,FALSE,2.14,2.6,FALSE,TRUE
Скорлупа,Дополнительное,Регенерация здоровья,%,FALSE,0.425,0.5,FALSE,TRUE
Смалец,Основное,Регенерация здоровья,,FALSE,1.19,1.4,FALSE,TRUE
Смалец,Основное,Эффективность лечения,,FALSE,7.395,8.7,FALSE,TRUE
Смалец,Основное,Радиация,,TRUE,1.0625,1.25,TRUE,FALSE
Смалец,Основное,Температура,,FALSE,-1.088,-1.28,FALSE,FALSE
Смалец,Дополнительное,Регенерация здоровья,%,FALSE,0.41,0.5,FALSE,TRUE
Смалец,Дополнительное,Эффективность лечения,%,FALSE,2.465,2.9,FALSE,TRUE
Смалец,Дополнительное,Защита от взрыва,,FALSE,6.12,7.2,FALSE,TRUE
Смольник,Основное,Живучесть,,FALSE,1.785,2.1,FALSE,TRUE
Смольник,Основное,Периодическое лечение,,FALSE,0.34,0.4,FALSE,TRUE
Смольник,Основное,Биологическое заражение,,TRUE,2.125,2.5,TRUE,FALSE
Смольник,Дополнительное,Восстановление выносливости,%,FALSE,2.96,3.6,FALSE,TRUE
Смольник,Дополнительное,Периодическое лечение,%,FALSE,0.165,0.2,FALSE,TRUE
Смольник,Дополнительное,Живучесть,%,FALSE,0.595,0.7,FALSE,TRUE
Солнце,Основное,Живучесть,,FALSE,1.615,1.9,FALSE,TRUE
Солнце,Основное,Регенерация здоровья,,FALSE,1.36,1.6,FALSE,TRUE
Солнце,Основное,Температура,,TRUE,2.125,2.5,TRUE,FALSE
Солнце,Основное,Реакция на ожог,,FALSE,0.935,1.1,FALSE,TRUE
Солнце,Дополнительное,Регенерация здоровья,%,FALSE,0.51,0.6,FALSE,TRUE
Солнце,Дополнительное,Защита от кровотечения,%,FALSE,3.315,3.9,FALSE,TRUE
Солнце,Дополнительное,Живучесть,%,FALSE,0.595,0.7,FALSE,TRUE
Спираль,Основное,Живучесть,,TRUE,-0.425,-0.5,FALSE,TRUE
Спираль,Основное,Скорость передвижения,%,FALSE,0.85,1.0,FALSE,TRUE
Спираль,Основное,Скорость бега,%,FALSE,1.1475,1.35,FALSE,TRUE
Спираль,Основное,Переносимый вес,с,FALSE,7.395,8.7,FALSE,TRUE
Спираль,Основное,Радиация,,TRUE,1.0625,1.25,TRUE,FALSE
Спираль,Дополнительное,Переносимый вес,,FALSE,2.465,2.9,FALSE,TRUE
Спираль,Дополнительное,Скорость передвижения,%,FALSE,0.28,0.35,FALSE,TRUE
Спираль,Дополнительное,Эффективность лечения,%,FALSE,6.12,7.2,FALSE,TRUE
Стальной Ежик,Основное,Выносливость,%,FALSE,12.41,14.6,FALSE,TRUE
Стальной Ежик,Основное,Эффективность лечения,,FALSE,2.55,3.0,FALSE,TRUE
Стальной Ежик,Основное,Пулестойкость,,FALSE,11.05,13.0,FALSE,TRUE
Стальной Ежик,Основное,Пси-излучение,,TRUE,2.125,2.5,TRUE,FALSE
Стальной Ежик,Основное,Реакция на разрыв,,FALSE,1.105,1.3,FALSE,TRUE
Стальной Ежик,Дополнительное,Пулестойкость,,FALSE,3.74,4.4,FALSE,TRUE
Стальной Ежик,Дополнительное,Защита от разрыва,,FALSE,11.28,13.7,FALSE,TRUE
Стальной Ежик,Дополнительное,Выносливость,%,FALSE,4.03,4.9,FALSE,TRUE
Статик,Основное,Пулестойкость,,FALSE,8.585,10.1,FALSE,TRUE
Статик,Основное,Радиация,,TRUE,2.125,2.5,TRUE,FALSE
Статик,Основное,Отдача,,FALSE,-3.145,-3.7,FALSE,FALSE
Статик,Дополнительное,Выносливость,%,FALSE,13.34,16.2,FALSE,TRUE
Статик,Дополнительное,Пулестойкость,,FALSE,2.8,3.4,FALSE,TRUE
Статик,Дополнительное,Отдача,%,FALSE,-1.07,-1.3,FALSE,FALSE
Темная калина,Основное,Скорость бега,%,FALSE,0.9775,1.15,FALSE,TRUE
Темная калина,Основное,Регенерация здоровья,,FALSE,2.805,3.3,FALSE,TRUE
Темная калина,Основное,Восстановление выносливости,,FALSE,4.08,4.8,FALSE,TRUE
Темная калина,Основное,Пси-излучение,,TRUE,2.125,2.5,TRUE,FALSE
Темная калина,Основное,Отдача,,TRUE,6.46,7.6,FALSE,TRUE
Темная калина,Дополнительное,Регенерация здоровья,%,FALSE,0.91,1.1,FALSE,TRUE
Темная калина,Дополнительное,Скорость передвижения,%,FALSE,0.95,1.15,FALSE,TRUE
Темная калина,Дополнительное,Восстановление выносливости,%,FALSE,1.32,1.6,FALSE,TRUE
Темный кристалл,Основное,Живучесть,,FALSE,0.85,1.0,FALSE,TRUE
Темный кристалл,Основное,Регенерация здоровья,,FALSE,1.36,1.6,FALSE,TRUE
Темный кристалл,Основное,Восстановление выносливости,,FALSE,1.275,1.5,FALSE,TRUE
Темный кристалл,Основное,Радиация,,FALSE,-1.088,-1.28,FALSE,FALSE
Темный кристалл,Основное,Пси-излучение,,TRUE,0.5312,0.625,TRUE,FALSE
Темный кристалл,Дополнительное,Регенерация здоровья,%,FALSE,0.68,0.8,FALSE,TRUE
Темный кристалл,Дополнительное,Живучесть,%,FALSE,0.85,1.0,FALSE,TRUE
Темный кристалл,Дополнительное,Восстановление выносливости,%,FALSE,0.68,0.8,FALSE,TRUE
Трансформатор,Основное,Выносливость,%,FALSE,11.815,13.9,FALSE,TRUE
Трансформатор,Основное,Переносимый вес,с,FALSE,5.525,6.5,FALSE,TRUE
Трансформатор,Основное,Биологическое заражение,,FALSE,-1.088,-1.28,FALSE,FALSE
Трансформатор,Основное,Пси-излучение,,FALSE,-1.836,-2.16,FALSE,FALSE
Трансформатор,Основное,Реакция на электричество,%,FALSE,0.935,1.1,FALSE,TRUE
Трансформатор,Дополнительное,Выносливость,%,FALSE,3.995,4.7,FALSE,TRUE
Трансформатор,Дополнительное,Переносимый вес,,FALSE,1.87,2.2,FALSE,TRUE
Трансформатор,Дополнительное,Пси-излучение,,FALSE,-0.748,-0.88,FALSE,FALSE
Трещотка,Основное,Выносливость,%,FALSE,11.815,13.9,FALSE,TRUE
Трещотка,Основное,Скорость передвижения,%,FALSE,0.425,0.5,FALSE,TRUE
Трещотка,Основное,Скорость бега,%,FALSE,0.595,0.7,FALSE,TRUE
Трещотка,Основное,Температура,,TRUE,1.0625,1.25,TRUE,FALSE
Трещотка,Дополнительное,Восстановление выносливости,%,FALSE,1.87,2.2,FALSE,TRUE
Трещотка,Дополнительное,Выносливость,%,FALSE,3.995,4.7,FALSE,TRUE
Трещотка,Дополнительное,Скорость передвижения,%,FALSE,0.16,0.2,FALSE,TRUE
Тыква,Основное,Переносимый вес,с,FALSE,6.205,7.3,FALSE,TRUE
Тыква,Основное,Восстановление выносливости,,FALSE,2.89,3.4,FALSE,TRUE
Тыква,Основное,Радиация,,FALSE,-3.468,-4.08,FALSE,FALSE
Тыква,Дополнительное,Живучесть,%,FALSE,0.82,1.0,FALSE,TRUE
Тыква,Дополнительное,Переносимый вес,,FALSE,2.06,2.5,FALSE,TRUE
Тыква,Дополнительное,Восстановление выносливости,%,FALSE,0.99,1.2,FALSE,TRUE
Улитка,Основное,Выносливость,%,FALSE,10.54,12.4,FALSE,TRUE
Улитка,Основное,Регенерация здоровья,,FALSE,0.85,1.0,FALSE,TRUE
Улитка,Основное,Биологическое заражение,,FALSE,-2.584,-3.04,FALSE,FALSE
Улитка,Основное,Кровотечение,,FALSE,-0.255,-0.3,FALSE,FALSE
Улитка,Дополнительное,Защита от кровотечения,%,FALSE,1.955,2.3,FALSE,TRUE
Улитка,Дополнительное,Выносливость,%,FALSE,3.57,4.2,FALSE,TRUE
Улитка,Дополнительное,Регенерация здоровья,%,FALSE,0.34,0.4,FALSE,TRUE
Фаренгейт,Основное,Выносливость,%,FALSE,8.84,10.4,FALSE,TRUE
Фаренгейт,Основное,Пулестойкость,,FALSE,7.905,9.3,FALSE,TRUE
Фаренгейт,Основное,Температура,,FALSE,-1.088,-1.28,FALSE,FALSE
Фаренгейт,Основное,Холод,,TRUE,0.425,0.5,FALSE,FALSE
Фаренгейт,Основное,Реакция на разрыв,,FALSE,0.85,1.0,FALSE,TRUE
Фаренгейт,Дополнительное,Пулестойкость,,FALSE,2.635,3.1,FALSE,TRUE
Фаренгейт,Дополнительное,Выносливость,%,FALSE,2.88,3.5,FALSE,TRUE
Фаренгейт,Дополнительное,Регенерация здоровья,%,FALSE,1.02,1.2,FALSE,TRUE
Флегма,Основное,Скорость передвижения,%,FALSE,0.2125,0.25,FALSE,TRUE
Флегма,Основное,Скорость бега,%,FALSE,0.2125,0.25,FALSE,TRUE
Флегма,Основное,Эффективность лечения,,FALSE,5.525,6.5,FALSE,TRUE
Флегма,Основное,Защита от кровотечения,,FALSE,2.21,2.6,FALSE,TRUE
Флегма,Основное,Биологическое заражение,,TRUE,1.0625,1.25,TRUE,FALSE
Флегма,Дополнительное,Кровотечение,,FALSE,-0.68,-0.8,FALSE,FALSE
Флегма,Дополнительное,Защита от кровотечения,%,FALSE,0.765,0.9,FALSE,TRUE
Флегма,Дополнительное,Эффективность лечения,%,FALSE,1.87,2.2,FALSE,TRUE
Харя,Основное,Живучесть,,FALSE,1.02,1.2,FALSE,TRUE
Харя,Основное,Переносимый вес,с,FALSE,3.23,3.8,FALSE,TRUE
Харя,Основное,Защита от взрыва,,FALSE,10.795,12.7,FALSE,TRUE
Харя,Основное,Радиация,,TRUE,0.5312,0.625,TRUE,FALSE
Харя,Основное,Биологическое заражение,,FALSE,-1.088,-1.28,FALSE,FALSE
Харя,Дополнительное,Живучесть,%,FALSE,0.32,0.4,FALSE,TRUE
Харя,Дополнительное,Регенерация здоровья,%,FALSE,1.15,1.4,FALSE,TRUE
Харя,Дополнительное,Защита от взрыва,,FALSE,3.54,4.3,FALSE,TRUE
Хрусталь,Основное,Регенерация здоровья,,FALSE,0.85,1.0,FALSE,TRUE
Хрусталь,Основное,Радиация,,FALSE,-1.088,-1.28,FALSE,FALSE
Хрусталь,Основное,Температура,,FALSE,-0.1632,-0.192,FALSE,FALSE
Хрусталь,Основное,Пси-излучение,,FALSE,-1.088,-1.28,FALSE,FALSE
Хрусталь,Основное,Холод,,TRUE,0.425,0.5,FALSE,FALSE
Хрусталь,Основное,Горение,,FALSE,-0.17,-0.2,FALSE,FALSE
Хрусталь,Основное,Реакция на ожог,,FALSE,0.425,0.5,FALSE,TRUE
Хрусталь,Дополнительное,Горение,,FALSE,-0.085,-0.1,FALSE,FALSE
Хрусталь,Дополнительное,Регенерация здоровья,%,FALSE,0.41,0.4,FALSE,TRUE
Хрусталь,Дополнительное,Живучесть,%,FALSE,0.51,0.6,FALSE,TRUE
Цибуля,Основное,Выносливость,%,FALSE,9.435,11.1,FALSE,TRUE
Цибуля,Основное,Пулестойкость,,FALSE,4.165,4.9,FALSE,TRUE
Цибуля,Основное,Радиация,,TRUE,0.5312,0.625,TRUE,FALSE
Цибуля,Основное,Пси-излучение,,FALSE,-1.088,-1.28,FALSE,FALSE
Цибуля,Дополнительное,Пулестойкость,,FALSE,1.4,1.7,FALSE,TRUE
Цибуля,Дополнительное,Выносливость,%,FALSE,3.05,3.7,FALSE,TRUE
Цибуля,Дополнительное,Защита от кровотечения,%,FALSE,1.72,2.1,FALSE,TRUE
Черная дыра,Основное,Живучесть,,FALSE,0.595,0.7,FALSE,TRUE
Черная дыра,Основное,Восстановление выносливости,,FALSE,4.335,5.1,FALSE,TRUE
Черная дыра,Основное,Пулестойкость,,FALSE,8.585,10.1,FALSE,TRUE
Черная дыра,Основное,Защита от кровотечения,,TRUE,-2.21,-2.6,FALSE,TRUE
Черная дыра,Основное,Пси-излучение,,TRUE,2.125,2.5,TRUE,FALSE
Черная дыра,Дополнительное,Пулестойкость,,FALSE,2.8,3.4,FALSE,TRUE
Черная дыра,Дополнительное,Восстановление выносливости,%,FALSE,1.4,1.7,FALSE,TRUE
Черная дыра,Дополнительное,Регенерация здоровья,%,FALSE,1.48,1.8,FALSE,TRUE
Чернильница,Основное,Живучесть,,FALSE,1.02,1.2,FALSE,TRUE
Чернильница,Основное,Регенерация здоровья,,FALSE,1.7,2.0,FALSE,TRUE
Чернильница,Основное,Биологическое заражение,,TRUE,1.0625,1.25,TRUE,FALSE
Чернильница,Основное,Реакция на разрыв,,FALSE,1.02,1.2,FALSE,TRUE
Чернильница,Дополнительное,Защита от разрыва,,FALSE,10.37,12.2,FALSE,TRUE
Чернильница,Дополнительное,Регенерация здоровья,%,FALSE,0.58,0.7,FALSE,TRUE
Чернильница,Дополнительное,Живучесть,%,FALSE,0.34,0.4,FALSE,TRUE
Чертов еж,Основное,Выносливость,%,FALSE,11.815,13.9,FALSE,TRUE
Чертов еж,Основное,Скорость передвижения,%,FALSE,0.425,0.5,FALSE,TRUE
Чертов еж,Основное,Скорость бега,%,FALSE,0.595,0.7,FALSE,TRUE
Чертов еж,Основное,Радиация,,FALSE,-1.088,-1.28,FALSE,FALSE
Чертов еж,Основное,Температура,,FALSE,-1.088,-1.28,FALSE,FALSE
Чертов еж,Основное,Биологическое заражение,,FALSE,-1.088,-1.28,FALSE,FALSE
Чертов еж,Основное,Реакция на разрыв,,FALSE,0.765,0.9,FALSE,TRUE
Чертов еж,Дополнительное,Выносливость,%,FALSE,3.87,4.7,FALSE,TRUE
Чертов еж,Дополнительное,Скорость передвижения,%,FALSE,0.17,0.2,FALSE,TRUE
Чертов еж,Дополнительное,Пси-излучение,,FALSE,-1.06,-1.28,FALSE,FALSE
Шишка,Основное,Выносливость,%,FALSE,12.92,15.2,FALSE,TRUE
Шишка,Основное,Температура,,FALSE,-3.468,-4.08,FALSE,FALSE
Шишка,Основное,Горение,,FALSE,-0.17,-0.2,FALSE,FALSE
Шишка,Дополнительное,Выносливость,%,FALSE,4.28,5.2,FALSE,TRUE
Шишка,Дополнительное,Эффективность лечения,%,FALSE,4.2,5.1,FALSE,TRUE
Шишка,Дополнительное,Горение,,FALSE,-0.082,-0.1,FALSE,FALSE
Юла,Основное,Защита от разрыва,,FALSE,12.325,14.5,FALSE,TRUE
Юла,Основное,Защита от взрыва,,FALSE,6.375,7.5,FALSE,TRUE
Юла,Основное,Пси-излучение,,FALSE,-3.468,-4.08,FALSE,FALSE
Юла,Дополнительное,Пулестойкость,,FALSE,5.6,6.8,FALSE,TRUE
Юла,Дополнительное,Защита от разрыва,,FALSE,4.03,4.9,FALSE,TRUE
Юла,Дополнительное,Защита от взрыва,,FALSE,2.06,2.5,FALSE,TRUE
Ягодка,Основное,Живучесть,,FALSE,1.105,1.3,FALSE,TRUE
Ягодка,Основное,Радиация,,TRUE,1.0625,1.25,TRUE,FALSE
Ягодка,Основное,Кровотечение,,FALSE,-0.51,-0.6,FALSE,FALSE
Ягодка,Дополнительное,Кровотечение,,FALSE,-0.17,-0.2,FALSE,FALSE
Ягодка,Дополнительное,Регенерация здоровья,%,FALSE,0.91,1.1,FALSE,TRUE
Ягодка,Дополнительное,Живучесть,%,FALSE,0.425,0.5,FALSE,TRUE
Яйцо,Основное,Выносливость,%,FALSE,16.49,19.4,FALSE,TRUE
Яйцо,Основное,Переносимый вес,с,FALSE,15.81,18.6,FALSE,TRUE
Яйцо,Основное,Радиация,,TRUE,2.125,2.5,TRUE,FALSE
Яйцо,Дополнительное,Выносливость,%,FALSE,5.525,6.5,FALSE,TRUE
Яйцо,Дополнительное,Переносимый вес,,FALSE,5.27,6.2,FALSE,TRUE
Яйцо,Дополнительное,Защита от кровотечения,%,FALSE,4.335,5.1,FALSE,TRUE
Янтарник,Основное,Скорость бега,%,FALSE,0.51,0.6,FALSE,TRUE
Янтарник,Основное,Переносимый вес,с,FALSE,9.52,11.2,FALSE,TRUE
Янтарник,Основное,Восстановление выносливости,,FALSE,2.21,2.6,FALSE,TRUE
Янтарник,Основное,Радиация,,TRUE,0.5312,0.625,TRUE,FALSE
Янтарник,Основное,Температура,,FALSE,-1.088,-1.28,FALSE,FALSE
Янтарник,Дополнительное,Скорость передвижения,%,FALSE,0.49,0.6,FALSE,TRUE
Янтарник,Дополнительное,Восстановление выносливости,%,FALSE,0.765,0.9,FALSE,TRUE
Янтарник,Дополнительное,Переносимый вес,,FALSE,3.23,3.8,FALSE,TRUE
